SaleDate,ItemsSold,RunningTotal,Country
2010-12-01,107,107,Australia
2010-12-08,214,321,Australia
2010-12-14,-13,308,Australia
2010-12-17,146,454,Australia
2011-01-06,4802,5256,Australia
2011-01-10,96,5352,Australia
2011-01-11,238,5590,Australia
2011-01-14,60,5650,Australia
2011-01-17,204,5854,Australia
2011-01-19,113,5967,Australia
2011-01-20,21,5988,Australia
2011-01-28,110,6098,Australia
2011-02-07,58,6156,Australia
2011-02-15,8384,14540,Australia
2011-02-27,217,14757,Australia
2011-03-03,10162,24919,Australia
2011-03-09,90,25009,Australia
2011-03-24,77,25086,Australia
2011-04-01,1,25087,Australia
2011-04-04,-8,25079,Australia
2011-04-08,224,25303,Australia
2011-04-28,-100,25203,Australia
2011-05-12,184,25387,Australia
2011-05-17,8268,33655,Australia
2011-05-20,396,34051,Australia
2011-05-23,231,34282,Australia
2011-05-31,-6,34276,Australia
2011-06-02,-8,34268,Australia
2011-06-15,15241,49509,Australia
2011-06-30,740,50249,Australia
2011-07-13,4332,54581,Australia
2011-07-14,429,55010,Australia
2011-07-19,174,55184,Australia
2011-07-24,214,55398,Australia
2011-07-26,36,55434,Australia
2011-08-12,374,55808,Australia
2011-08-18,12196,68004,Australia
2011-09-01,2836,70840,Australia
2011-09-05,82,70922,Australia
2011-09-16,317,71239,Australia
2011-09-25,478,71717,Australia
2011-09-28,330,72047,Australia
2011-10-05,7135,79182,Australia
2011-10-06,266,79448,Australia
2011-11-02,96,79544,Australia
2011-11-03,408,79952,Australia
2011-11-04,347,80299,Australia
2011-11-15,3130,83429,Australia
2011-11-24,224,83653,Australia
2010-12-15,-48,-48,Austria
2010-12-17,51,3,Austria
2011-02-01,197,200,Austria
2011-02-02,145,345,Austria
2011-03-03,53,398,Austria
2011-03-23,929,1327,Austria
2011-04-26,311,1638,Austria
2011-05-06,42,1680,Austria
2011-05-23,434,2114,Austria
2011-06-14,-6,2108,Austria
2011-07-12,100,2208,Austria
2011-07-28,473,2681,Austria
2011-08-08,550,3231,Austria
2011-08-19,240,3471,Austria
2011-10-18,491,3962,Austria
2011-11-13,375,4337,Austria
2011-11-14,342,4679,Austria
2011-12-08,148,4827,Austria
2010-12-20,54,54,Bahrain
2011-01-05,-54,0,Bahrain
2011-05-09,240,240,Bahrain
2011-05-19,20,260,Bahrain
2010-12-03,528,528,Belgium
2010-12-17,285,813,Belgium
2010-12-21,188,1001,Belgium
2010-12-22,754,1755,Belgium
2011-01-05,-1,1754,Belgium
2011-01-06,-5,1749,Belgium
2011-01-12,590,2339,Belgium
2011-01-19,-3,2336,Belgium
2011-01-20,94,2430,Belgium
2011-01-25,108,2538,Belgium
2011-02-03,21,2559,Belgium
2011-02-09,11,2570,Belgium
2011-02-11,262,2832,Belgium
2011-02-17,508,3340,Belgium
2011-02-18,-3,3337,Belgium
2011-02-21,194,3531,Belgium
2011-02-24,-2,3529,Belgium
2011-02-25,91,3620,Belgium
2011-02-28,15,3635,Belgium
2011-03-01,171,3806,Belgium
2011-03-03,126,3932,Belgium
2011-03-10,-7,3925,Belgium
2011-03-14,91,4016,Belgium
2011-03-20,215,4231,Belgium
2011-03-21,139,4370,Belgium
2011-03-23,685,5055,Belgium
2011-03-24,356,5411,Belgium
2011-04-07,243,5654,Belgium
2011-04-08,-3,5651,Belgium
2011-04-10,190,5841,Belgium
2011-04-12,187,6028,Belgium
2011-04-15,77,6105,Belgium
2011-04-18,204,6309,Belgium
2011-04-28,275,6584,Belgium
2011-05-05,72,6656,Belgium
2011-05-06,182,6838,Belgium
2011-05-10,494,7332,Belgium
2011-05-12,83,7415,Belgium
2011-05-17,168,7583,Belgium
2011-05-23,179,7762,Belgium
2011-05-24,-4,7758,Belgium
2011-05-27,651,8409,Belgium
2011-06-01,57,8466,Belgium
2011-06-05,524,8990,Belgium
2011-06-07,293,9283,Belgium
2011-06-08,20,9303,Belgium
2011-06-09,145,9448,Belgium
2011-06-17,598,10046,Belgium
2011-06-22,211,10257,Belgium
2011-06-23,294,10551,Belgium
2011-06-29,-1,10550,Belgium
2011-06-30,103,10653,Belgium
2011-07-06,522,11175,Belgium
2011-07-07,143,11318,Belgium
2011-07-13,13,11331,Belgium
2011-07-27,704,12035,Belgium
2011-07-28,296,12331,Belgium
2011-08-02,267,12598,Belgium
2011-08-04,190,12788,Belgium
2011-08-11,340,13128,Belgium
2011-08-12,175,13303,Belgium
2011-08-19,582,13885,Belgium
2011-08-25,358,14243,Belgium
2011-08-31,149,14392,Belgium
2011-09-02,298,14690,Belgium
2011-09-09,372,15062,Belgium
2011-09-19,196,15258,Belgium
2011-09-21,353,15611,Belgium
2011-09-22,471,16082,Belgium
2011-09-28,267,16349,Belgium
2011-10-04,118,16467,Belgium
2011-10-10,196,16663,Belgium
2011-10-11,162,16825,Belgium
2011-10-13,1290,18115,Belgium
2011-10-14,229,18344,Belgium
2011-10-17,199,18543,Belgium
2011-10-21,179,18722,Belgium
2011-10-24,-14,18708,Belgium
2011-10-26,213,18921,Belgium
2011-10-28,168,19089,Belgium
2011-10-30,268,19357,Belgium
2011-10-31,148,19505,Belgium
2011-11-04,769,20274,Belgium
2011-11-07,364,20638,Belgium
2011-11-08,246,20884,Belgium
2011-11-10,-1,20883,Belgium
2011-11-17,534,21417,Belgium
2011-11-18,315,21732,Belgium
2011-11-20,125,21857,Belgium
2011-11-22,185,22042,Belgium
2011-11-24,-1,22041,Belgium
2011-11-28,-7,22034,Belgium
2011-11-29,21,22055,Belgium
2011-12-02,498,22553,Belgium
2011-12-06,396,22949,Belgium
2011-12-09,203,23152,Belgium
2011-04-15,356,356,Brazil
2011-03-14,88,88,Canada
2011-05-04,504,592,Canada
2011-06-20,1092,1684,Canada
2011-07-11,1026,2710,Canada
2011-07-15,1,2711,Canada
2011-08-25,52,2763,Canada
2010-12-09,80,80,Channel Islands
2011-01-27,259,339,Channel Islands
2011-01-31,-4,335,Channel Islands
2011-02-15,935,1270,Channel Islands
2011-03-02,459,1729,Channel Islands
2011-03-09,944,2673,Channel Islands
2011-03-10,701,3374,Channel Islands
2011-04-13,97,3471,Channel Islands
2011-05-17,0,3471,Channel Islands
2011-05-19,223,3694,Channel Islands
2011-05-25,-2,3692,Channel Islands
2011-06-17,836,4528,Channel Islands
2011-08-01,172,4700,Channel Islands
2011-08-18,-1,4699,Channel Islands
2011-08-21,800,5499,Channel Islands
2011-08-23,1037,6536,Channel Islands
2011-09-19,583,7119,Channel Islands
2011-09-26,181,7300,Channel Islands
2011-09-28,-1,7299,Channel Islands
2011-10-05,1095,8394,Channel Islands
2011-10-14,312,8706,Channel Islands
2011-11-06,638,9344,Channel Islands
2011-11-17,78,9422,Channel Islands
2011-11-30,-2,9420,Channel Islands
2011-12-05,60,9480,Channel Islands
2011-12-08,-1,9479,Channel Islands
2010-12-14,917,917,Cyprus
2011-01-12,144,1061,Cyprus
2011-02-07,494,1555,Cyprus
2011-02-16,1522,3077,Cyprus
2011-02-17,1,3078,Cyprus
2011-02-21,173,3251,Cyprus
2011-03-10,1005,4256,Cyprus
2011-04-13,-4,4252,Cyprus
2011-06-03,356,4608,Cyprus
2011-09-19,33,4641,Cyprus
2011-10-04,0,4641,Cyprus
2011-10-07,345,4986,Cyprus
2011-10-13,657,5643,Cyprus
2011-10-19,380,6023,Cyprus
2011-11-18,300,6323,Cyprus
2011-12-02,-6,6317,Cyprus
2011-02-28,346,346,Czech Republic
2011-04-01,-39,307,Czech Republic
2011-10-07,325,632,Czech Republic
2011-11-18,-40,592,Czech Republic
2010-12-09,454,454,Denmark
2011-02-16,224,678,Denmark
2011-03-17,879,1557,Denmark
2011-05-11,368,1925,Denmark
2011-06-09,793,2718,Denmark
2011-06-20,393,3111,Denmark
2011-06-23,358,3469,Denmark
2011-07-25,241,3710,Denmark
2011-08-09,-9,3701,Denmark
2011-08-10,338,4039,Denmark
2011-09-21,1176,5215,Denmark
2011-09-26,230,5445,Denmark
2011-09-29,202,5647,Denmark
2011-10-07,637,6284,Denmark
2011-10-11,136,6420,Denmark
2011-10-17,-37,6383,Denmark
2011-10-21,95,6478,Denmark
2011-11-17,1025,7503,Denmark
2011-11-30,512,8015,Denmark
2011-12-05,173,8188,Denmark
2010-12-01,243,243,EIRE
2010-12-02,4,247,EIRE
2010-12-03,2575,2822,EIRE
2010-12-06,614,3436,EIRE
2010-12-09,287,3723,EIRE
2010-12-10,379,4102,EIRE
2010-12-16,328,4430,EIRE
2010-12-17,701,5131,EIRE
2010-12-19,155,5286,EIRE
2010-12-20,-363,4923,EIRE
2010-12-21,354,5277,EIRE
2010-12-23,104,5381,EIRE
2011-01-05,-102,5279,EIRE
2011-01-09,85,5364,EIRE
2011-01-10,-4,5360,EIRE
2011-01-14,6198,11558,EIRE
2011-01-18,287,11845,EIRE
2011-01-20,1332,13177,EIRE
2011-01-24,47,13224,EIRE
2011-01-26,690,13914,EIRE
2011-01-27,155,14069,EIRE
2011-02-01,463,14532,EIRE
2011-02-02,4,14536,EIRE
2011-02-03,270,14806,EIRE
2011-02-04,75,14881,EIRE
2011-02-08,-4,14877,EIRE
2011-02-14,1502,16379,EIRE
2011-02-15,2402,18781,EIRE
2011-02-17,87,18868,EIRE
2011-02-18,61,18929,EIRE
2011-02-21,472,19401,EIRE
2011-02-23,668,20069,EIRE
2011-02-25,-672,19397,EIRE
2011-03-01,669,20066,EIRE
2011-03-03,-12,20054,EIRE
2011-03-04,857,20911,EIRE
2011-03-10,3416,24327,EIRE
2011-03-11,0,24327,EIRE
2011-03-14,936,25263,EIRE
2011-03-15,1174,26437,EIRE
2011-03-17,416,26853,EIRE
2011-03-18,265,27118,EIRE
2011-03-20,73,27191,EIRE
2011-03-24,114,27305,EIRE
2011-03-25,533,27838,EIRE
2011-03-27,-3,27835,EIRE
2011-03-28,745,28580,EIRE
2011-03-29,334,28914,EIRE
2011-03-31,45,28959,EIRE
2011-04-01,713,29672,EIRE
2011-04-04,1239,30911,EIRE
2011-04-06,655,31566,EIRE
2011-04-07,390,31956,EIRE
2011-04-11,590,32546,EIRE
2011-04-17,151,32697,EIRE
2011-04-19,234,32931,EIRE
2011-04-27,163,33094,EIRE
2011-05-03,532,33626,EIRE
2011-05-05,192,33818,EIRE
2011-05-06,1694,35512,EIRE
2011-05-08,446,35958,EIRE
2011-05-10,349,36307,EIRE
2011-05-15,139,36446,EIRE
2011-05-16,2274,38720,EIRE
2011-05-17,412,39132,EIRE
2011-05-18,636,39768,EIRE
2011-05-19,397,40165,EIRE
2011-05-20,226,40391,EIRE
2011-05-23,401,40792,EIRE
2011-05-24,-5,40787,EIRE
2011-05-26,309,41096,EIRE
2011-06-01,-1,41095,EIRE
2011-06-06,404,41499,EIRE
2011-06-07,192,41691,EIRE
2011-06-08,2582,44273,EIRE
2011-06-09,507,44780,EIRE
2011-06-13,427,45207,EIRE
2011-06-15,3026,48233,EIRE
2011-06-16,268,48501,EIRE
2011-06-17,356,48857,EIRE
2011-06-19,84,48941,EIRE
2011-06-20,0,48941,EIRE
2011-06-21,-516,48425,EIRE
2011-06-22,590,49015,EIRE
2011-06-23,186,49201,EIRE
2011-06-24,876,50077,EIRE
2011-06-27,393,50470,EIRE
2011-06-29,2566,53036,EIRE
2011-06-30,394,53430,EIRE
2011-07-01,798,54228,EIRE
2011-07-04,537,54765,EIRE
2011-07-05,21,54786,EIRE
2011-07-08,-1,54785,EIRE
2011-07-14,864,55649,EIRE
2011-07-18,1377,57026,EIRE
2011-07-19,7238,64264,EIRE
2011-07-21,645,64909,EIRE
2011-07-26,246,65155,EIRE
2011-07-27,657,65812,EIRE
2011-07-28,2799,68611,EIRE
2011-07-29,286,68897,EIRE
2011-07-31,6656,75553,EIRE
2011-08-04,0,75553,EIRE
2011-08-05,744,76297,EIRE
2011-08-08,601,76898,EIRE
2011-08-10,390,77288,EIRE
2011-08-11,1427,78715,EIRE
2011-08-12,1045,79760,EIRE
2011-08-14,-1,79759,EIRE
2011-08-15,580,80339,EIRE
2011-08-16,-15,80324,EIRE
2011-08-17,843,81167,EIRE
2011-08-18,-5,81162,EIRE
2011-08-19,644,81806,EIRE
2011-08-21,148,81954,EIRE
2011-08-23,734,82688,EIRE
2011-08-26,849,83537,EIRE
2011-08-30,-87,83450,EIRE
2011-09-01,2184,85634,EIRE
2011-09-02,163,85797,EIRE
2011-09-04,1272,87069,EIRE
2011-09-05,5391,92460,EIRE
2011-09-06,1285,93745,EIRE
2011-09-07,1877,95622,EIRE
2011-09-08,950,96572,EIRE
2011-09-09,-15,96557,EIRE
2011-09-14,726,97283,EIRE
2011-09-15,309,97592,EIRE
2011-09-19,165,97757,EIRE
2011-09-20,943,98700,EIRE
2011-09-21,94,98794,EIRE
2011-09-22,808,99602,EIRE
2011-09-23,1958,101560,EIRE
2011-09-26,480,102040,EIRE
2011-09-27,199,102239,EIRE
2011-09-28,1026,103265,EIRE
2011-09-30,3100,106365,EIRE
2011-10-06,229,106594,EIRE
2011-10-07,448,107042,EIRE
2011-10-10,1000,108042,EIRE
2011-10-11,2206,110248,EIRE
2011-10-12,816,111064,EIRE
2011-10-14,353,111417,EIRE
2011-10-17,2621,114038,EIRE
2011-10-18,625,114663,EIRE
2011-10-19,711,115374,EIRE
2011-10-20,4932,120306,EIRE
2011-10-21,901,121207,EIRE
2011-10-24,189,121396,EIRE
2011-10-27,-12,121384,EIRE
2011-10-30,185,121569,EIRE
2011-10-31,392,121961,EIRE
2011-11-01,894,122855,EIRE
2011-11-02,-2,122853,EIRE
2011-11-04,-28,122825,EIRE
2011-11-07,768,123593,EIRE
2011-11-08,-15,123578,EIRE
2011-11-09,578,124156,EIRE
2011-11-10,496,124652,EIRE
2011-11-11,1252,125904,EIRE
2011-11-13,2643,128547,EIRE
2011-11-14,206,128753,EIRE
2011-11-15,1206,129959,EIRE
2011-11-16,3082,133041,EIRE
2011-11-17,631,133672,EIRE
2011-11-18,263,133935,EIRE
2011-11-20,440,134375,EIRE
2011-11-21,626,135001,EIRE
2011-11-22,1474,136475,EIRE
2011-11-23,51,136526,EIRE
2011-11-24,143,136669,EIRE
2011-11-25,92,136761,EIRE
2011-11-27,225,136986,EIRE
2011-11-28,945,137931,EIRE
2011-11-30,587,138518,EIRE
2011-12-01,562,139080,EIRE
2011-12-04,534,139614,EIRE
2011-12-05,219,139833,EIRE
2011-12-07,1998,141831,EIRE
2011-12-08,806,142637,EIRE
2011-04-26,34,34,European Community
2011-06-05,127,161,European Community
2011-06-06,3,164,European Community
2011-06-10,-2,162,European Community
2011-07-21,335,497,European Community
2010-12-16,1254,1254,Finland
2011-01-21,164,1418,Finland
2011-01-25,601,2019,Finland
2011-02-24,141,2160,Finland
2011-03-01,2127,4287,Finland
2011-03-20,63,4350,Finland
2011-03-21,-2,4348,Finland
2011-03-30,346,4694,Finland
2011-04-05,269,4963,Finland
2011-04-07,-30,4933,Finland
2011-04-11,237,5170,Finland
2011-04-15,159,5329,Finland
2011-04-21,153,5482,Finland
2011-06-23,157,5639,Finland
2011-07-05,228,5867,Finland
2011-07-14,857,6724,Finland
2011-07-19,188,6912,Finland
2011-08-04,145,7057,Finland
2011-08-11,385,7442,Finland
2011-08-23,-1,7441,Finland
2011-08-26,163,7604,Finland
2011-09-02,87,7691,Finland
2011-09-13,73,7764,Finland
2011-09-22,138,7902,Finland
2011-09-25,217,8119,Finland
2011-10-04,73,8192,Finland
2011-10-12,468,8660,Finland
2011-10-13,236,8896,Finland
2011-10-27,284,9180,Finland
2011-10-31,53,9233,Finland
2011-11-04,324,9557,Finland
2011-11-14,150,9707,Finland
2011-11-17,182,9889,Finland
2011-11-23,73,9962,Finland
2011-11-29,91,10053,Finland
2011-11-30,264,10317,Finland
2011-12-01,218,10535,Finland
2011-12-02,132,10667,Finland
2011-12-07,-1,10666,Finland
2010-12-01,449,449,France
2010-12-03,239,688,France
2010-12-05,611,1299,France
2010-12-07,752,2051,France
2010-12-08,121,2172,France
2010-12-09,1012,3184,France
2010-12-10,418,3602,France
2010-12-15,134,3736,France
2010-12-16,-3,3733,France
2010-12-17,398,4131,France
2010-12-20,733,4864,France
2010-12-21,26,4890,France
2010-12-22,88,4978,France
2011-01-05,733,5711,France
2011-01-06,440,6151,France
2011-01-07,596,6747,France
2011-01-09,78,6825,France
2011-01-10,635,7460,France
2011-01-11,988,8448,France
2011-01-12,681,9129,France
2011-01-14,1072,10201,France
2011-01-17,268,10469,France
2011-01-19,386,10855,France
2011-01-20,704,11559,France
2011-01-21,-3,11556,France
2011-01-23,126,11682,France
2011-01-24,84,11766,France
2011-01-25,-15,11751,France
2011-01-27,-9,11742,France
2011-01-28,574,12316,France
2011-01-31,1817,14133,France
2011-02-01,200,14333,France
2011-02-02,368,14701,France
2011-02-04,617,15318,France
2011-02-08,216,15534,France
2011-02-09,301,15835,France
2011-02-10,454,16289,France
2011-02-14,-15,16274,France
2011-02-15,97,16371,France
2011-02-16,776,17147,France
2011-02-17,116,17263,France
2011-02-18,756,18019,France
2011-02-21,334,18353,France
2011-02-22,-10,18343,France
2011-02-23,362,18705,France
2011-02-27,71,18776,France
2011-02-28,658,19434,France
2011-03-01,580,20014,France
2011-03-03,342,20356,France
2011-03-04,125,20481,France
2011-03-07,-24,20457,France
2011-03-08,-15,20442,France
2011-03-11,325,20767,France
2011-03-13,185,20952,France
2011-03-14,187,21139,France
2011-03-15,305,21444,France
2011-03-16,160,21604,France
2011-03-20,423,22027,France
2011-03-21,90,22117,France
2011-03-22,201,22318,France
2011-03-23,1233,23551,France
2011-03-25,264,23815,France
2011-03-27,61,23876,France
2011-03-28,848,24724,France
2011-03-31,3349,28073,France
2011-04-01,327,28400,France
2011-04-04,298,28698,France
2011-04-05,0,28698,France
2011-04-07,239,28937,France
2011-04-11,-3,28934,France
2011-04-14,284,29218,France
2011-04-17,402,29620,France
2011-04-18,-61,29559,France
2011-04-20,200,29759,France
2011-04-21,301,30060,France
2011-04-26,84,30144,France
2011-04-27,-2,30142,France
2011-04-28,147,30289,France
2011-05-03,1046,31335,France
2011-05-05,100,31435,France
2011-05-08,777,32212,France
2011-05-09,495,32707,France
2011-05-10,460,33167,France
2011-05-11,1593,34760,France
2011-05-12,106,34866,France
2011-05-13,505,35371,France
2011-05-15,141,35512,France
2011-05-16,283,35795,France
2011-05-17,479,36274,France
2011-05-18,334,36608,France
2011-05-19,562,37170,France
2011-05-20,470,37640,France
2011-05-22,298,37938,France
2011-05-23,306,38244,France
2011-05-24,210,38454,France
2011-05-25,742,39196,France
2011-05-26,514,39710,France
2011-05-27,157,39867,France
2011-05-31,202,40069,France
2011-06-05,1909,41978,France
2011-06-06,115,42093,France
2011-06-08,1128,43221,France
2011-06-09,787,44008,France
2011-06-10,164,44172,France
2011-06-12,716,44888,France
2011-06-13,904,45792,France
2011-06-15,1007,46799,France
2011-06-16,270,47069,France
2011-06-17,490,47559,France
2011-06-19,63,47622,France
2011-06-20,262,47884,France
2011-06-21,351,48235,France
2011-06-22,658,48893,France
2011-06-24,413,49306,France
2011-06-27,119,49425,France
2011-06-28,109,49534,France
2011-06-30,-24,49510,France
2011-07-01,364,49874,France
2011-07-04,259,50133,France
2011-07-05,319,50452,France
2011-07-06,597,51049,France
2011-07-08,662,51711,France
2011-07-11,290,52001,France
2011-07-12,616,52617,France
2011-07-13,667,53284,France
2011-07-17,47,53331,France
2011-07-18,921,54252,France
2011-07-19,33,54285,France
2011-07-21,-3,54282,France
2011-07-24,236,54518,France
2011-07-27,148,54666,France
2011-07-28,-3,54663,France
2011-07-29,503,55166,France
2011-08-02,52,55218,France
2011-08-03,699,55917,France
2011-08-04,281,56198,France
2011-08-05,486,56684,France
2011-08-10,197,56881,France
2011-08-12,170,57051,France
2011-08-14,3,57054,France
2011-08-15,607,57661,France
2011-08-17,400,58061,France
2011-08-18,463,58524,France
2011-08-19,462,58986,France
2011-08-21,270,59256,France
2011-08-23,460,59716,France
2011-08-24,246,59962,France
2011-08-25,1314,61276,France
2011-08-26,694,61970,France
2011-08-31,1144,63114,France
2011-09-02,427,63541,France
2011-09-04,509,64050,France
2011-09-05,279,64329,France
2011-09-07,1637,65966,France
2011-09-08,860,66826,France
2011-09-09,1116,67942,France
2011-09-11,43,67985,France
2011-09-13,73,68058,France
2011-09-14,438,68496,France
2011-09-15,1228,69724,France
2011-09-16,-6,69718,France
2011-09-19,847,70565,France
2011-09-20,306,70871,France
2011-09-21,821,71692,France
2011-09-22,1203,72895,France
2011-09-23,479,73374,France
2011-09-25,281,73655,France
2011-09-26,-14,73641,France
2011-09-27,54,73695,France
2011-09-28,268,73963,France
2011-09-29,992,74955,France
2011-09-30,1071,76026,France
2011-10-03,158,76184,France
2011-10-04,115,76299,France
2011-10-05,1242,77541,France
2011-10-06,25,77566,France
2011-10-07,527,78093,France
2011-10-10,211,78304,France
2011-10-11,2788,81092,France
2011-10-12,656,81748,France
2011-10-13,124,81872,France
2011-10-14,198,82070,France
2011-10-17,-3,82067,France
2011-10-18,-2,82065,France
2011-10-19,733,82798,France
2011-10-20,530,83328,France
2011-10-27,564,83892,France
2011-10-28,5246,89138,France
2011-10-30,209,89347,France
2011-10-31,416,89763,France
2011-11-01,1031,90794,France
2011-11-02,291,91085,France
2011-11-03,1010,92095,France
2011-11-04,332,92427,France
2011-11-07,292,92719,France
2011-11-08,868,93587,France
2011-11-09,499,94086,France
2011-11-10,1347,95433,France
2011-11-11,1836,97269,France
2011-11-13,69,97338,France
2011-11-14,894,98232,France
2011-11-15,481,98713,France
2011-11-16,687,99400,France
2011-11-17,1605,101005,France
2011-11-18,550,101555,France
2011-11-20,298,101853,France
2011-11-21,271,102124,France
2011-11-22,361,102485,France
2011-11-23,219,102704,France
2011-11-24,599,103303,France
2011-11-25,825,104128,France
2011-11-28,516,104644,France
2011-11-29,645,105289,France
2011-11-30,1560,106849,France
2011-12-01,492,107341,France
2011-12-02,649,107990,France
2011-12-04,542,108532,France
2011-12-05,477,109009,France
2011-12-06,787,109796,France
2011-12-07,561,110357,France
2011-12-08,18,110375,France
2011-12-09,105,110480,France
2010-12-01,117,117,Germany
2010-12-02,146,263,Germany
2010-12-03,170,433,Germany
2010-12-05,1362,1795,Germany
2010-12-06,85,1880,Germany
2010-12-07,155,2035,Germany
2010-12-08,136,2171,Germany
2010-12-09,380,2551,Germany
2010-12-10,1096,3647,Germany
2010-12-13,-2,3645,Germany
2010-12-15,-12,3633,Germany
2010-12-16,-7,3626,Germany
2010-12-17,1657,5283,Germany
2010-12-19,337,5620,Germany
2010-12-20,177,5797,Germany
2010-12-23,926,6723,Germany
2011-01-05,-56,6667,Germany
2011-01-06,-4,6663,Germany
2011-01-07,2658,9321,Germany
2011-01-10,633,9954,Germany
2011-01-11,87,10041,Germany
2011-01-12,96,10137,Germany
2011-01-13,100,10237,Germany
2011-01-14,248,10485,Germany
2011-01-17,583,11068,Germany
2011-01-18,113,11181,Germany
2011-01-19,37,11218,Germany
2011-01-21,-19,11199,Germany
2011-01-24,1203,12402,Germany
2011-01-25,1135,13537,Germany
2011-01-26,692,14229,Germany
2011-01-27,392,14621,Germany
2011-01-28,-61,14560,Germany
2011-01-31,1069,15629,Germany
2011-02-01,44,15673,Germany
2011-02-02,34,15707,Germany
2011-02-03,434,16141,Germany
2011-02-04,-7,16134,Germany
2011-02-07,-41,16093,Germany
2011-02-08,-34,16059,Germany
2011-02-09,160,16219,Germany
2011-02-10,228,16447,Germany
2011-02-11,620,17067,Germany
2011-02-14,454,17521,Germany
2011-02-17,380,17901,Germany
2011-02-18,108,18009,Germany
2011-02-21,789,18798,Germany
2011-02-23,201,18999,Germany
2011-02-25,713,19712,Germany
2011-03-01,384,20096,Germany
2011-03-03,536,20632,Germany
2011-03-07,358,20990,Germany
2011-03-08,437,21427,Germany
2011-03-11,611,22038,Germany
2011-03-14,-7,22031,Germany
2011-03-16,50,22081,Germany
2011-03-17,754,22835,Germany
2011-03-18,1252,24087,Germany
2011-03-20,114,24201,Germany
2011-03-22,976,25177,Germany
2011-03-24,-13,25164,Germany
2011-03-25,1132,26296,Germany
2011-03-27,-3,26293,Germany
2011-03-28,848,27141,Germany
2011-03-30,153,27294,Germany
2011-03-31,93,27387,Germany
2011-04-01,115,27502,Germany
2011-04-04,390,27892,Germany
2011-04-05,-31,27861,Germany
2011-04-06,-14,27847,Germany
2011-04-07,238,28085,Germany
2011-04-08,842,28927,Germany
2011-04-11,464,29391,Germany
2011-04-14,1207,30598,Germany
2011-04-18,0,30598,Germany
2011-04-19,1497,32095,Germany
2011-04-20,232,32327,Germany
2011-04-21,215,32542,Germany
2011-04-26,-16,32526,Germany
2011-04-27,468,32994,Germany
2011-04-28,85,33079,Germany
2011-05-01,647,33726,Germany
2011-05-03,-8,33718,Germany
2011-05-04,506,34224,Germany
2011-05-05,69,34293,Germany
2011-05-06,222,34515,Germany
2011-05-09,372,34887,Germany
2011-05-10,313,35200,Germany
2011-05-11,197,35397,Germany
2011-05-12,5825,41222,Germany
2011-05-13,324,41546,Germany
2011-05-17,529,42075,Germany
2011-05-19,1268,43343,Germany
2011-05-20,-2,43341,Germany
2011-05-22,968,44309,Germany
2011-05-23,436,44745,Germany
2011-05-24,121,44866,Germany
2011-05-26,533,45399,Germany
2011-05-27,342,45741,Germany
2011-05-29,258,45999,Germany
2011-05-31,31,46030,Germany
2011-06-01,547,46577,Germany
2011-06-02,1067,47644,Germany
2011-06-03,23,47667,Germany
2011-06-05,529,48196,Germany
2011-06-06,282,48478,Germany
2011-06-07,-71,48407,Germany
2011-06-09,117,48524,Germany
2011-06-10,92,48616,Germany
2011-06-12,345,48961,Germany
2011-06-13,1309,50270,Germany
2011-06-16,469,50739,Germany
2011-06-20,1337,52076,Germany
2011-06-21,272,52348,Germany
2011-06-23,145,52493,Germany
2011-06-24,73,52566,Germany
2011-06-26,15,52581,Germany
2011-06-30,797,53378,Germany
2011-07-01,54,53432,Germany
2011-07-04,864,54296,Germany
2011-07-07,550,54846,Germany
2011-07-08,559,55405,Germany
2011-07-12,569,55974,Germany
2011-07-13,94,56068,Germany
2011-07-14,1078,57146,Germany
2011-07-15,416,57562,Germany
2011-07-17,107,57669,Germany
2011-07-19,1418,59087,Germany
2011-07-20,463,59550,Germany
2011-07-21,826,60376,Germany
2011-07-22,426,60802,Germany
2011-07-24,472,61274,Germany
2011-07-25,742,62016,Germany
2011-07-26,-45,61971,Germany
2011-07-27,227,62198,Germany
2011-07-28,177,62375,Germany
2011-07-29,-6,62369,Germany
2011-08-01,651,63020,Germany
2011-08-02,726,63746,Germany
2011-08-03,187,63933,Germany
2011-08-04,580,64513,Germany
2011-08-05,553,65066,Germany
2011-08-07,60,65126,Germany
2011-08-08,273,65399,Germany
2011-08-09,35,65434,Germany
2011-08-11,-1,65433,Germany
2011-08-12,-15,65418,Germany
2011-08-15,462,65880,Germany
2011-08-16,22,65902,Germany
2011-08-17,372,66274,Germany
2011-08-19,321,66595,Germany
2011-08-21,187,66782,Germany
2011-08-22,1063,67845,Germany
2011-08-23,349,68194,Germany
2011-08-24,1332,69526,Germany
2011-08-25,399,69925,Germany
2011-08-26,260,70185,Germany
2011-08-30,133,70318,Germany
2011-08-31,1611,71929,Germany
2011-09-01,-14,71915,Germany
2011-09-02,300,72215,Germany
2011-09-04,1608,73823,Germany
2011-09-05,-5,73818,Germany
2011-09-06,676,74494,Germany
2011-09-08,665,75159,Germany
2011-09-09,-45,75114,Germany
2011-09-11,1052,76166,Germany
2011-09-13,213,76379,Germany
2011-09-14,265,76644,Germany
2011-09-16,456,77100,Germany
2011-09-19,1658,78758,Germany
2011-09-20,92,78850,Germany
2011-09-21,772,79622,Germany
2011-09-22,333,79955,Germany
2011-09-23,1712,81667,Germany
2011-09-26,262,81929,Germany
2011-09-27,205,82134,Germany
2011-09-28,162,82296,Germany
2011-09-29,484,82780,Germany
2011-09-30,177,82957,Germany
2011-10-04,-3,82954,Germany
2011-10-05,2151,85105,Germany
2011-10-06,2469,87574,Germany
2011-10-07,2053,89627,Germany
2011-10-10,109,89736,Germany
2011-10-11,567,90303,Germany
2011-10-12,772,91075,Germany
2011-10-13,932,92007,Germany
2011-10-14,493,92500,Germany
2011-10-17,2798,95298,Germany
2011-10-18,725,96023,Germany
2011-10-19,1918,97941,Germany
2011-10-20,711,98652,Germany
2011-10-21,270,98922,Germany
2011-10-23,-2,98920,Germany
2011-10-24,-15,98905,Germany
2011-10-25,428,99333,Germany
2011-10-26,24,99357,Germany
2011-10-27,206,99563,Germany
2011-10-28,535,100098,Germany
2011-10-31,495,100593,Germany
2011-11-02,52,100645,Germany
2011-11-03,417,101062,Germany
2011-11-04,-4,101058,Germany
2011-11-06,887,101945,Germany
2011-11-07,277,102222,Germany
2011-11-08,-97,102125,Germany
2011-11-09,86,102211,Germany
2011-11-10,142,102353,Germany
2011-11-11,1575,103928,Germany
2011-11-14,212,104140,Germany
2011-11-15,596,104736,Germany
2011-11-16,2184,106920,Germany
2011-11-17,1369,108289,Germany
2011-11-18,491,108780,Germany
2011-11-20,53,108833,Germany
2011-11-21,284,109117,Germany
2011-11-22,552,109669,Germany
2011-11-23,574,110243,Germany
2011-11-24,1930,112173,Germany
2011-11-25,45,112218,Germany
2011-11-28,397,112615,Germany
2011-11-29,639,113254,Germany
2011-11-30,261,113515,Germany
2011-12-01,247,113762,Germany
2011-12-02,-6,113756,Germany
2011-12-04,504,114260,Germany
2011-12-05,148,114408,Germany
2011-12-06,-29,114379,Germany
2011-12-07,1220,115599,Germany
2011-12-08,969,116568,Germany
2011-12-09,880,117448,Germany
2011-01-24,526,526,Greece
2011-03-04,289,815,Greece
2011-04-08,262,1077,Greece
2011-07-11,243,1320,Greece
2011-12-06,236,1556,Greece
2011-01-24,1121,1121,Hong Kong
2011-03-15,0,1121,Hong Kong
2011-04-12,732,1853,Hong Kong
2011-05-13,1262,3115,Hong Kong
2011-06-22,537,3652,Hong Kong
2011-08-23,736,4388,Hong Kong
2011-09-19,0,4388,Hong Kong
2011-10-04,-1,4387,Hong Kong
2011-10-18,236,4623,Hong Kong
2011-10-28,146,4769,Hong Kong
2011-11-14,0,4769,Hong Kong
2010-12-07,319,319,Iceland
2011-01-26,315,634,Iceland
2011-04-07,483,1117,Iceland
2011-06-09,196,1313,Iceland
2011-08-02,277,1590,Iceland
2011-10-31,676,2266,Iceland
2011-12-07,192,2458,Iceland
2010-12-15,-56,-56,Israel
2011-01-10,100,44,Israel
2011-02-16,286,330,Israel
2011-04-01,30,360,Israel
2011-07-14,633,993,Israel
2011-08-18,3028,4021,Israel
2011-09-09,233,4254,Israel
2011-10-04,99,4353,Israel
2010-12-03,164,164,Italy
2010-12-06,-2,162,Italy
2010-12-21,131,293,Italy
2011-01-05,-3,290,Italy
2011-01-13,748,1038,Italy
2011-01-21,145,1183,Italy
2011-01-26,228,1411,Italy
2011-01-27,-22,1389,Italy
2011-02-11,-1,1388,Italy
2011-02-18,111,1499,Italy
2011-03-04,84,1583,Italy
2011-03-14,-2,1581,Italy
2011-03-17,440,2021,Italy
2011-03-28,163,2184,Italy
2011-04-07,445,2629,Italy
2011-04-19,208,2837,Italy
2011-05-31,267,3104,Italy
2011-06-07,31,3135,Italy
2011-06-09,24,3159,Italy
2011-06-29,-4,3155,Italy
2011-07-26,22,3177,Italy
2011-08-04,-5,3172,Italy
2011-08-05,457,3629,Italy
2011-08-10,521,4150,Italy
2011-08-11,-13,4137,Italy
2011-08-25,168,4305,Italy
2011-09-20,48,4353,Italy
2011-10-06,-9,4344,Italy
2011-10-13,60,4404,Italy
2011-10-18,846,5250,Italy
2011-10-24,289,5539,Italy
2011-10-25,251,5790,Italy
2011-10-26,-6,5784,Italy
2011-10-27,4,5788,Italy
2011-10-30,62,5850,Italy
2011-10-31,85,5935,Italy
2011-11-01,3,5938,Italy
2011-11-02,48,5986,Italy
2011-11-14,-22,5964,Italy
2011-11-17,169,6133,Italy
2011-11-18,544,6677,Italy
2011-11-21,631,7308,Italy
2011-11-22,142,7450,Italy
2011-11-23,525,7975,Italy
2011-11-30,-21,7954,Italy
2011-12-06,45,7999,Italy
2010-12-05,196,196,Japan
2010-12-09,1488,1684,Japan
2010-12-12,2409,4093,Japan
2011-01-06,-45,4048,Japan
2011-02-04,37,4085,Japan
2011-02-09,2962,7047,Japan
2011-03-02,-11,7036,Japan
2011-03-04,3,7039,Japan
2011-03-07,9,7048,Japan
2011-04-04,-624,6424,Japan
2011-04-05,1626,8050,Japan
2011-04-18,6432,14482,Japan
2011-04-26,-33,14449,Japan
2011-05-13,743,15192,Japan
2011-06-22,2256,17448,Japan
2011-07-24,120,17568,Japan
2011-07-27,2208,19776,Japan
2011-08-23,-27,19749,Japan
2011-09-14,144,19893,Japan
2011-10-26,1124,21017,Japan
2011-11-17,2210,23227,Japan
2011-11-29,2040,25267,Japan
2011-12-06,-49,25218,Japan
2011-01-27,386,386,Lebanon
2010-12-05,622,622,Lithuania
2010-12-08,30,652,Lithuania
2011-06-08,378,378,Malta
2011-06-16,-3,375,Malta
2011-06-22,24,399,Malta
2011-08-15,303,702,Malta
2011-08-22,79,781,Malta
2011-08-30,-5,776,Malta
2011-11-17,184,960,Malta
2011-11-23,-8,952,Malta
2011-12-01,-8,944,Malta
2010-12-01,97,97,Netherlands
2010-12-20,46,143,Netherlands
2010-12-21,6668,6811,Netherlands
2011-01-14,8210,15021,Netherlands
2011-01-19,6072,21093,Netherlands
2011-01-20,288,21381,Netherlands
2011-01-21,5730,27111,Netherlands
2011-01-31,117,27228,Netherlands
2011-02-01,113,27341,Netherlands
2011-02-03,-24,27317,Netherlands
2011-02-08,1123,28440,Netherlands
2011-02-21,12208,40648,Netherlands
2011-02-22,2940,43588,Netherlands
2011-03-09,277,43865,Netherlands
2011-03-14,152,44017,Netherlands
2011-03-22,170,44187,Netherlands
2011-03-25,835,45022,Netherlands
2011-03-29,12186,57208,Netherlands
2011-03-30,1208,58416,Netherlands
2011-04-05,1336,59752,Netherlands
2011-04-28,432,60184,Netherlands
2011-05-11,279,60463,Netherlands
2011-05-12,13262,73725,Netherlands
2011-05-18,412,74137,Netherlands
2011-05-20,128,74265,Netherlands
2011-05-25,960,75225,Netherlands
2011-05-26,4664,79889,Netherlands
2011-05-31,231,80120,Netherlands
2011-06-01,2874,82994,Netherlands
2011-06-03,329,83323,Netherlands
2011-06-06,314,83637,Netherlands
2011-06-09,73,83710,Netherlands
2011-06-19,4718,88428,Netherlands
2011-06-20,61,88489,Netherlands
2011-06-21,353,88842,Netherlands
2011-06-28,11010,99852,Netherlands
2011-07-20,10,99862,Netherlands
2011-08-09,8182,108044,Netherlands
2011-08-11,14730,122774,Netherlands
2011-08-12,992,123766,Netherlands
2011-08-18,-1,123765,Netherlands
2011-08-23,288,124053,Netherlands
2011-08-26,5684,129737,Netherlands
2011-08-31,-768,128969,Netherlands
2011-09-08,1013,129982,Netherlands
2011-09-09,145,130127,Netherlands
2011-09-13,4951,135078,Netherlands
2011-09-19,10649,145727,Netherlands
2011-09-22,551,146278,Netherlands
2011-10-05,4,146282,Netherlands
2011-10-06,357,146639,Netherlands
2011-10-07,212,146851,Netherlands
2011-10-18,272,147123,Netherlands
2011-10-20,18140,165263,Netherlands
2011-10-21,2476,167739,Netherlands
2011-10-27,5769,173508,Netherlands
2011-11-02,2732,176240,Netherlands
2011-11-10,7786,184026,Netherlands
2011-11-16,147,184173,Netherlands
2011-11-18,34,184207,Netherlands
2011-11-20,154,184361,Netherlands
2011-11-22,514,184875,Netherlands
2011-11-23,7244,192119,Netherlands
2011-11-30,51,192170,Netherlands
2011-12-07,7818,199988,Netherlands
2011-12-08,140,200128,Netherlands
2010-12-01,1852,1852,Norway
2010-12-08,1730,3582,Norway
2011-02-02,197,3779,Norway
2011-02-16,98,3877,Norway
2011-03-01,26,3903,Norway
2011-03-17,63,3966,Norway
2011-03-22,1,3967,Norway
2011-06-20,1426,5393,Norway
2011-06-21,582,5975,Norway
2011-06-22,1,5976,Norway
2011-07-22,586,6562,Norway
2011-08-10,68,6630,Norway
2011-08-12,568,7198,Norway
2011-08-31,-25,7173,Norway
2011-09-01,211,7384,Norway
2011-09-09,1849,9233,Norway
2011-09-15,178,9411,Norway
2011-09-19,2262,11673,Norway
2011-09-20,103,11776,Norway
2011-09-28,52,11828,Norway
2011-10-11,1,11829,Norway
2011-10-12,86,11915,Norway
2011-10-27,1231,13146,Norway
2011-10-28,374,13520,Norway
2011-11-03,127,13647,Norway
2011-11-06,146,13793,Norway
2011-11-18,242,14035,Norway
2011-11-25,594,14629,Norway
2011-11-30,2299,16928,Norway
2011-12-05,92,17020,Norway
2011-12-09,2227,19247,Norway
2010-12-03,140,140,Poland
2011-01-17,288,428,Poland
2011-02-04,98,526,Poland
2011-02-08,199,725,Poland
2011-03-15,162,887,Poland
2011-03-21,-9,878,Poland
2011-04-05,432,1310,Poland
2011-05-05,116,1426,Poland
2011-05-25,500,1926,Poland
2011-06-01,-7,1919,Poland
2011-06-03,0,1919,Poland
2011-06-16,77,1996,Poland
2011-07-13,148,2144,Poland
2011-07-15,140,2284,Poland
2011-07-25,-3,2281,Poland
2011-08-03,137,2418,Poland
2011-08-30,49,2467,Poland
2011-09-05,253,2720,Poland
2011-11-02,639,3359,Poland
2011-11-04,302,3661,Poland
2011-11-18,-8,3653,Poland
2010-12-03,65,65,Portugal
2010-12-06,53,118,Portugal
2010-12-08,424,542,Portugal
2010-12-09,118,660,Portugal
2010-12-10,131,791,Portugal
2010-12-14,-39,752,Portugal
2010-12-17,193,945,Portugal
2011-01-05,-16,929,Portugal
2011-01-09,641,1570,Portugal
2011-01-18,1216,2786,Portugal
2011-01-26,237,3023,Portugal
2011-02-21,454,3477,Portugal
2011-02-28,104,3581,Portugal
2011-03-08,1109,4690,Portugal
2011-03-23,125,4815,Portugal
2011-03-24,1,4816,Portugal
2011-03-28,217,5033,Portugal
2011-03-31,174,5207,Portugal
2011-04-08,370,5577,Portugal
2011-04-13,581,6158,Portugal
2011-05-12,311,6469,Portugal
2011-05-23,-1,6468,Portugal
2011-06-07,146,6614,Portugal
2011-06-08,55,6669,Portugal
2011-06-15,220,6889,Portugal
2011-06-24,-1,6888,Portugal
2011-07-13,979,7867,Portugal
2011-07-20,457,8324,Portugal
2011-08-03,-12,8312,Portugal
2011-08-15,1026,9338,Portugal
2011-09-02,227,9565,Portugal
2011-09-22,496,10061,Portugal
2011-09-25,176,10237,Portugal
2011-10-06,1123,11360,Portugal
2011-10-11,556,11916,Portugal
2011-10-13,884,12800,Portugal
2011-10-14,215,13015,Portugal
2011-10-17,365,13380,Portugal
2011-10-19,5,13385,Portugal
2011-10-25,136,13521,Portugal
2011-11-03,80,13601,Portugal
2011-11-07,89,13690,Portugal
2011-11-11,166,13856,Portugal
2011-11-14,225,14081,Portugal
2011-11-17,5,14086,Portugal
2011-11-21,68,14154,Portugal
2011-11-24,458,14612,Portugal
2011-11-30,2,14614,Portugal
2011-12-02,1032,15646,Portugal
2011-12-05,128,15774,Portugal
2011-12-06,267,16041,Portugal
2011-12-07,139,16180,Portugal
2011-10-13,352,352,RSA
2011-02-24,80,80,Saudi Arabia
2011-03-03,-5,75,Saudi Arabia
2011-01-25,1091,1091,Singapore
2011-04-04,0,1091,Singapore
2011-04-05,1384,2475,Singapore
2011-07-18,2160,4635,Singapore
2011-10-14,599,5234,Singapore
2011-10-19,0,5234,Singapore
2010-12-03,400,400,Spain
2010-12-09,67,467,Spain
2010-12-13,300,767,Spain
2010-12-17,100,867,Spain
2011-01-06,-1,866,Spain
2011-01-07,630,1496,Spain
2011-01-10,643,2139,Spain
2011-01-11,1483,3622,Spain
2011-01-18,294,3916,Spain
2011-01-19,48,3964,Spain
2011-01-20,-6,3958,Spain
2011-01-24,104,4062,Spain
2011-01-27,642,4704,Spain
2011-02-01,193,4897,Spain
2011-02-03,171,5068,Spain
2011-02-09,287,5355,Spain
2011-02-14,219,5574,Spain
2011-02-18,-4,5570,Spain
2011-03-04,397,5967,Spain
2011-03-07,-5,5962,Spain
2011-03-16,405,6367,Spain
2011-03-22,335,6702,Spain
2011-03-24,512,7214,Spain
2011-03-25,346,7560,Spain
2011-03-28,550,8110,Spain
2011-04-11,156,8266,Spain
2011-04-21,530,8796,Spain
2011-04-28,267,9063,Spain
2011-05-04,747,9810,Spain
2011-05-06,88,9898,Spain
2011-05-26,25,9923,Spain
2011-05-31,608,10531,Spain
2011-06-03,107,10638,Spain
2011-06-06,173,10811,Spain
2011-06-09,445,11256,Spain
2011-06-16,424,11680,Spain
2011-06-19,339,12019,Spain
2011-06-26,49,12068,Spain
2011-07-04,1506,13574,Spain
2011-07-06,167,13741,Spain
2011-07-07,216,13957,Spain
2011-07-11,166,14123,Spain
2011-07-20,59,14182,Spain
2011-07-25,649,14831,Spain
2011-07-28,675,15506,Spain
2011-08-04,185,15691,Spain
2011-08-16,82,15773,Spain
2011-08-17,158,15931,Spain
2011-08-21,1,15932,Spain
2011-08-24,317,16249,Spain
2011-08-28,800,17049,Spain
2011-08-31,55,17104,Spain
2011-09-05,234,17338,Spain
2011-09-08,243,17581,Spain
2011-09-19,565,18146,Spain
2011-09-20,-2,18144,Spain
2011-09-21,569,18713,Spain
2011-09-23,572,19285,Spain
2011-09-25,177,19462,Spain
2011-09-27,323,19785,Spain
2011-10-03,-1,19784,Spain
2011-10-04,-16,19768,Spain
2011-10-07,227,19995,Spain
2011-10-14,1006,21001,Spain
2011-10-17,-1006,19995,Spain
2011-10-18,724,20719,Spain
2011-10-19,318,21037,Spain
2011-10-20,192,21229,Spain
2011-10-24,158,21387,Spain
2011-10-26,243,21630,Spain
2011-10-30,1484,23114,Spain
2011-11-03,136,23250,Spain
2011-11-04,327,23577,Spain
2011-11-07,-44,23533,Spain
2011-11-08,239,23772,Spain
2011-11-10,448,24220,Spain
2011-11-17,508,24728,Spain
2011-11-20,477,25205,Spain
2011-11-21,249,25454,Spain
2011-11-23,920,26374,Spain
2011-11-24,77,26451,Spain
2011-11-29,117,26568,Spain
2011-12-06,182,26750,Spain
2011-12-07,74,26824,Spain
2010-12-14,0,0,Sweden
2010-12-17,3714,3714,Sweden
2011-01-04,292,4006,Sweden
2011-01-28,2804,6810,Sweden
2011-02-01,250,7060,Sweden
2011-03-10,0,7060,Sweden
2011-03-14,5156,12216,Sweden
2011-03-24,107,12323,Sweden
2011-04-15,201,12524,Sweden
2011-04-27,109,12633,Sweden
2011-05-03,-2,12631,Sweden
2011-05-04,-2,12629,Sweden
2011-05-11,2,12631,Sweden
2011-05-12,2794,15425,Sweden
2011-05-18,37,15462,Sweden
2011-06-02,54,15516,Sweden
2011-06-09,188,15704,Sweden
2011-06-23,162,15866,Sweden
2011-07-06,3242,19108,Sweden
2011-07-31,2764,21872,Sweden
2011-08-04,960,22832,Sweden
2011-08-08,85,22917,Sweden
2011-08-16,72,22989,Sweden
2011-08-17,-6,22983,Sweden
2011-08-25,197,23180,Sweden
2011-09-02,163,23343,Sweden
2011-09-13,4072,27415,Sweden
2011-09-30,109,27524,Sweden
2011-10-14,1,27525,Sweden
2011-10-17,5952,33477,Sweden
2011-10-30,198,33675,Sweden
2011-11-06,577,34252,Sweden
2011-11-08,-6,34246,Sweden
2011-11-11,149,34395,Sweden
2011-11-14,1060,35455,Sweden
2011-11-15,67,35522,Sweden
2011-11-18,-3,35519,Sweden
2011-11-22,118,35637,Sweden
2011-12-05,0,35637,Sweden
2010-12-03,110,110,Switzerland
2010-12-20,604,714,Switzerland
2011-01-19,2653,3367,Switzerland
2011-01-28,340,3707,Switzerland
2011-02-04,211,3918,Switzerland
2011-02-11,-2,3916,Switzerland
2011-02-24,560,4476,Switzerland
2011-02-25,66,4542,Switzerland
2011-02-28,270,4812,Switzerland
2011-03-09,314,5126,Switzerland
2011-03-25,227,5353,Switzerland
2011-03-30,445,5798,Switzerland
2011-04-11,-3,5795,Switzerland
2011-04-14,197,5992,Switzerland
2011-04-15,101,6093,Switzerland
2011-04-20,-6,6087,Switzerland
2011-04-21,489,6576,Switzerland
2011-05-03,-4,6572,Switzerland
2011-05-05,1771,8343,Switzerland
2011-05-09,114,8457,Switzerland
2011-05-31,364,8821,Switzerland
2011-06-08,245,9066,Switzerland
2011-06-10,3142,12208,Switzerland
2011-06-13,-5,12203,Switzerland
2011-06-24,175,12378,Switzerland
2011-06-26,408,12786,Switzerland
2011-07-01,152,12938,Switzerland
2011-07-08,282,13220,Switzerland
2011-07-15,-120,13100,Switzerland
2011-07-17,213,13313,Switzerland
2011-07-25,408,13721,Switzerland
2011-07-26,142,13863,Switzerland
2011-07-31,628,14491,Switzerland
2011-08-02,2513,17004,Switzerland
2011-08-03,-4,17000,Switzerland
2011-08-10,62,17062,Switzerland
2011-08-14,-1,17061,Switzerland
2011-08-19,407,17468,Switzerland
2011-08-23,-17,17451,Switzerland
2011-09-06,5,17456,Switzerland
2011-09-14,376,17832,Switzerland
2011-09-15,4,17836,Switzerland
2011-09-21,-11,17825,Switzerland
2011-09-22,2408,20233,Switzerland
2011-09-28,1225,21458,Switzerland
2011-09-29,236,21694,Switzerland
2011-10-03,-5,21689,Switzerland
2011-10-05,1650,23339,Switzerland
2011-10-11,582,23921,Switzerland
2011-10-12,332,24253,Switzerland
2011-10-25,1394,25647,Switzerland
2011-10-26,569,26216,Switzerland
2011-10-28,334,26550,Switzerland
2011-11-06,2708,29258,Switzerland
2011-11-11,64,29322,Switzerland
2011-11-18,669,29991,Switzerland
2011-11-23,183,30174,Switzerland
2011-11-29,151,30325,Switzerland
2011-04-19,137,137,USA
2011-10-10,1228,1365,USA
2011-10-12,-1228,137,USA
2011-10-21,489,626,USA
2011-12-02,196,822,USA
2011-12-05,408,1230,USA
2011-12-08,-196,1034,USA
2011-02-14,496,496,United Arab Emirates
2011-09-01,485,981,United Arab Emirates
2011-09-22,1,982,United Arab Emirates
2010-12-01,23949,23949,United Kingdom
2010-12-02,20873,44822,United Kingdom
2010-12-03,10439,55261,United Kingdom
2010-12-05,13604,68865,United Kingdom
2010-12-06,20669,89534,United Kingdom
2010-12-07,23769,113303,United Kingdom
2010-12-08,20086,133389,United Kingdom
2010-12-09,14545,147934,United Kingdom
2010-12-10,18273,166207,United Kingdom
2010-12-12,8156,174363,United Kingdom
2010-12-13,17325,191688,United Kingdom
2010-12-14,19233,210921,United Kingdom
2010-12-15,18211,229132,United Kingdom
2010-12-16,28060,257192,United Kingdom
2010-12-17,8824,266016,United Kingdom
2010-12-19,3303,269319,United Kingdom
2010-12-20,13714,283033,United Kingdom
2010-12-21,8100,291133,United Kingdom
2010-12-22,2350,293483,United Kingdom
2010-12-23,4618,298101,United Kingdom
2011-01-04,7647,305748,United Kingdom
2011-01-05,17934,323682,United Kingdom
2011-01-06,17274,340956,United Kingdom
2011-01-07,12591,353547,United Kingdom
2011-01-09,7377,360924,United Kingdom
2011-01-10,6911,367835,United Kingdom
2011-01-11,26297,394132,United Kingdom
2011-01-12,8622,402754,United Kingdom
2011-01-13,9266,412020,United Kingdom
2011-01-14,7303,419323,United Kingdom
2011-01-16,4181,423504,United Kingdom
2011-01-17,12002,435506,United Kingdom
2011-01-18,6754,442260,United Kingdom
2011-01-19,7802,450062,United Kingdom
2011-01-20,6287,456349,United Kingdom
2011-01-21,8921,465270,United Kingdom
2011-01-23,5068,470338,United Kingdom
2011-01-24,8825,479163,United Kingdom
2011-01-25,11873,491036,United Kingdom
2011-01-26,8692,499728,United Kingdom
2011-01-27,9171,508899,United Kingdom
2011-01-28,13647,522546,United Kingdom
2011-01-30,3367,525913,United Kingdom
2011-01-31,9569,535482,United Kingdom
2011-02-01,13880,549362,United Kingdom
2011-02-02,8607,557969,United Kingdom
2011-02-03,16063,574032,United Kingdom
2011-02-04,10336,584368,United Kingdom
2011-02-06,2048,586416,United Kingdom
2011-02-07,8168,594584,United Kingdom
2011-02-08,8701,603285,United Kingdom
2011-02-09,3427,606712,United Kingdom
2011-02-10,10765,617477,United Kingdom
2011-02-11,8952,626429,United Kingdom
2011-02-13,2715,629144,United Kingdom
2011-02-14,10813,639957,United Kingdom
2011-02-15,10715,650672,United Kingdom
2011-02-16,13084,663756,United Kingdom
2011-02-17,13452,677208,United Kingdom
2011-02-18,7136,684344,United Kingdom
2011-02-20,5346,689690,United Kingdom
2011-02-21,6832,696522,United Kingdom
2011-02-22,18518,715040,United Kingdom
2011-02-23,12391,727431,United Kingdom
2011-02-24,10945,738376,United Kingdom
2011-02-25,9690,748066,United Kingdom
2011-02-27,4570,752636,United Kingdom
2011-02-28,8487,761123,United Kingdom
2011-03-01,8163,769286,United Kingdom
2011-03-02,8047,777333,United Kingdom
2011-03-03,7212,784545,United Kingdom
2011-03-04,11577,796122,United Kingdom
2011-03-06,4989,801111,United Kingdom
2011-03-07,13377,814488,United Kingdom
2011-03-08,5387,819875,United Kingdom
2011-03-09,2833,822708,United Kingdom
2011-03-10,10652,833360,United Kingdom
2011-03-11,9529,842889,United Kingdom
2011-03-13,2556,845445,United Kingdom
2011-03-14,10116,855561,United Kingdom
2011-03-15,7277,862838,United Kingdom
2011-03-16,11968,874806,United Kingdom
2011-03-17,18037,892843,United Kingdom
2011-03-18,12239,905082,United Kingdom
2011-03-20,13277,918359,United Kingdom
2011-03-21,9983,928342,United Kingdom
2011-03-22,13201,941543,United Kingdom
2011-03-23,8311,949854,United Kingdom
2011-03-24,17003,966857,United Kingdom
2011-03-25,9966,976823,United Kingdom
2011-03-27,4353,981176,United Kingdom
2011-03-28,9754,990930,United Kingdom
2011-03-29,19893,1010823,United Kingdom
2011-03-30,17567,1028390,United Kingdom
2011-03-31,12576,1040966,United Kingdom
2011-04-01,16227,1057193,United Kingdom
2011-04-03,5660,1062853,United Kingdom
2011-04-04,11750,1074603,United Kingdom
2011-04-05,9747,1084350,United Kingdom
2011-04-06,7935,1092285,United Kingdom
2011-04-07,8348,1100633,United Kingdom
2011-04-08,7535,1108168,United Kingdom
2011-04-10,5336,1113504,United Kingdom
2011-04-11,11776,1125280,United Kingdom
2011-04-12,14202,1139482,United Kingdom
2011-04-13,17426,1156908,United Kingdom
2011-04-14,15713,1172621,United Kingdom
2011-04-15,11832,1184453,United Kingdom
2011-04-17,7628,1192081,United Kingdom
2011-04-18,15671,1207752,United Kingdom
2011-04-19,12307,1220059,United Kingdom
2011-04-20,17547,1237606,United Kingdom
2011-04-21,16565,1254171,United Kingdom
2011-04-26,15285,1269456,United Kingdom
2011-04-27,17098,1286554,United Kingdom
2011-04-28,12078,1298632,United Kingdom
2011-05-01,3167,1301799,United Kingdom
2011-05-03,10303,1312102,United Kingdom
2011-05-04,14010,1326112,United Kingdom
2011-05-05,15011,1341123,United Kingdom
2011-05-06,17404,1358527,United Kingdom
2011-05-08,9469,1367996,United Kingdom
2011-05-09,11730,1379726,United Kingdom
2011-05-10,15449,1395175,United Kingdom
2011-05-11,13794,1408969,United Kingdom
2011-05-12,13576,1422545,United Kingdom
2011-05-13,12240,1434785,United Kingdom
2011-05-15,4618,1439403,United Kingdom
2011-05-16,11927,1451330,United Kingdom
2011-05-17,17030,1468360,United Kingdom
2011-05-18,17366,1485726,United Kingdom
2011-05-19,15164,1500890,United Kingdom
2011-05-20,13936,1514826,United Kingdom
2011-05-22,11470,1526296,United Kingdom
2011-05-23,14457,1540753,United Kingdom
2011-05-24,15307,1556060,United Kingdom
2011-05-25,9639,1565699,United Kingdom
2011-05-26,10147,1575846,United Kingdom
2011-05-27,15563,1591409,United Kingdom
2011-05-29,3826,1595235,United Kingdom
2011-05-31,9849,1605084,United Kingdom
2011-06-01,7410,1612494,United Kingdom
2011-06-02,12725,1625219,United Kingdom
2011-06-03,6742,1631961,United Kingdom
2011-06-05,10381,1642342,United Kingdom
2011-06-06,7876,1650218,United Kingdom
2011-06-07,17871,1668089,United Kingdom
2011-06-08,16376,1684465,United Kingdom
2011-06-09,27000,1711465,United Kingdom
2011-06-10,4738,1716203,United Kingdom
2011-06-12,8421,1724624,United Kingdom
2011-06-13,6752,1731376,United Kingdom
2011-06-14,-13746,1717630,United Kingdom
2011-06-15,10484,1728114,United Kingdom
2011-06-16,16673,1744787,United Kingdom
2011-06-17,9398,1754185,United Kingdom
2011-06-19,9856,1764041,United Kingdom
2011-06-20,10869,1774910,United Kingdom
2011-06-21,6804,1781714,United Kingdom
2011-06-22,11492,1793206,United Kingdom
2011-06-23,12970,1806176,United Kingdom
2011-06-24,8291,1814467,United Kingdom
2011-06-26,3023,1817490,United Kingdom
2011-06-27,9323,1826813,United Kingdom
2011-06-28,8523,1835336,United Kingdom
2011-06-29,8983,1844319,United Kingdom
2011-06-30,19287,1863606,United Kingdom
2011-07-01,5990,1869596,United Kingdom
2011-07-03,3106,1872702,United Kingdom
2011-07-04,12516,1885218,United Kingdom
2011-07-05,21128,1906346,United Kingdom
2011-07-06,14747,1921093,United Kingdom
2011-07-07,18047,1939140,United Kingdom
2011-07-08,9716,1948856,United Kingdom
2011-07-10,4214,1953070,United Kingdom
2011-07-11,13264,1966334,United Kingdom
2011-07-12,12475,1978809,United Kingdom
2011-07-13,9973,1988782,United Kingdom
2011-07-14,12772,2001554,United Kingdom
2011-07-15,6404,2007958,United Kingdom
2011-07-17,10675,2018633,United Kingdom
2011-07-18,9908,2028541,United Kingdom
2011-07-19,17236,2045777,United Kingdom
2011-07-20,15806,2061583,United Kingdom
2011-07-21,17944,2079527,United Kingdom
2011-07-22,9007,2088534,United Kingdom
2011-07-24,16229,2104763,United Kingdom
2011-07-25,13420,2118183,United Kingdom
2011-07-26,13159,2131342,United Kingdom
2011-07-27,9915,2141257,United Kingdom
2011-07-28,24964,2166221,United Kingdom
2011-07-29,10689,2176910,United Kingdom
2011-07-31,10825,2187735,United Kingdom
2011-08-01,9124,2196859,United Kingdom
2011-08-02,11789,2208648,United Kingdom
2011-08-03,14653,2223301,United Kingdom
2011-08-04,35656,2258957,United Kingdom
2011-08-05,9960,2268917,United Kingdom
2011-08-07,5020,2273937,United Kingdom
2011-08-08,11595,2285532,United Kingdom
2011-08-09,7397,2292929,United Kingdom
2011-08-10,12652,2305581,United Kingdom
2011-08-11,23323,2328904,United Kingdom
2011-08-12,8653,2337557,United Kingdom
2011-08-14,3134,2340691,United Kingdom
2011-08-15,7163,2347854,United Kingdom
2011-08-16,11052,2358906,United Kingdom
2011-08-17,21800,2380706,United Kingdom
2011-08-18,17442,2398148,United Kingdom
2011-08-19,7953,2406101,United Kingdom
2011-08-21,6758,2412859,United Kingdom
2011-08-22,14060,2426919,United Kingdom
2011-08-23,11553,2438472,United Kingdom
2011-08-24,27393,2465865,United Kingdom
2011-08-25,10696,2476561,United Kingdom
2011-08-26,10106,2486667,United Kingdom
2011-08-28,5970,2492637,United Kingdom
2011-08-30,10092,2502729,United Kingdom
2011-08-31,4810,2507539,United Kingdom
2011-09-01,22127,2529666,United Kingdom
2011-09-02,8802,2538468,United Kingdom
2011-09-04,7552,2546020,United Kingdom
2011-09-05,17250,2563270,United Kingdom
2011-09-06,12993,2576263,United Kingdom
2011-09-07,12697,2588960,United Kingdom
2011-09-08,13213,2602173,United Kingdom
2011-09-09,12445,2614618,United Kingdom
2011-09-11,20027,2634645,United Kingdom
2011-09-12,17086,2651731,United Kingdom
2011-09-13,27522,2679253,United Kingdom
2011-09-14,7641,2686894,United Kingdom
2011-09-15,27462,2714356,United Kingdom
2011-09-16,14399,2728755,United Kingdom
2011-09-18,8966,2737721,United Kingdom
2011-09-19,12015,2749736,United Kingdom
2011-09-20,42212,2791948,United Kingdom
2011-09-21,15807,2807755,United Kingdom
2011-09-22,25854,2833609,United Kingdom
2011-09-23,16501,2850110,United Kingdom
2011-09-25,18000,2868110,United Kingdom
2011-09-26,13809,2881919,United Kingdom
2011-09-27,20279,2902198,United Kingdom
2011-09-28,21828,2924026,United Kingdom
2011-09-29,24451,2948477,United Kingdom
2011-09-30,17552,2966029,United Kingdom
2011-10-02,8380,2974409,United Kingdom
2011-10-03,24500,2998909,United Kingdom
2011-10-04,18304,3017213,United Kingdom
2011-10-05,32884,3050097,United Kingdom
2011-10-06,26808,3076905,United Kingdom
2011-10-07,25657,3102562,United Kingdom
2011-10-09,7275,3109837,United Kingdom
2011-10-10,22661,3132498,United Kingdom
2011-10-11,13093,3145591,United Kingdom
2011-10-12,13623,3159214,United Kingdom
2011-10-13,13324,3172538,United Kingdom
2011-10-14,14069,3186607,United Kingdom
2011-10-16,8311,3194918,United Kingdom
2011-10-17,19325,3214243,United Kingdom
2011-10-18,25043,3239286,United Kingdom
2011-10-19,14974,3254260,United Kingdom
2011-10-20,16297,3270557,United Kingdom
2011-10-21,20318,3290875,United Kingdom
2011-10-23,7070,3297945,United Kingdom
2011-10-24,20907,3318852,United Kingdom
2011-10-25,22477,3341329,United Kingdom
2011-10-26,18698,3360027,United Kingdom
2011-10-27,24255,3384282,United Kingdom
2011-10-28,17042,3401324,United Kingdom
2011-10-30,17656,3418980,United Kingdom
2011-10-31,2661,3421641,United Kingdom
2011-11-01,14758,3436399,United Kingdom
2011-11-02,24463,3460862,United Kingdom
2011-11-03,31841,3492703,United Kingdom
2011-11-04,31177,3523880,United Kingdom
2011-11-06,18339,3542219,United Kingdom
2011-11-07,25943,3568162,United Kingdom
2011-11-08,24889,3593051,United Kingdom
2011-11-09,35075,3628126,United Kingdom
2011-11-10,27859,3655985,United Kingdom
2011-11-11,23471,3679456,United Kingdom
2011-11-13,17269,3696725,United Kingdom
2011-11-14,42892,3739617,United Kingdom
2011-11-15,24741,3764358,United Kingdom
2011-11-16,23065,3787423,United Kingdom
2011-11-17,22279,3809702,United Kingdom
2011-11-18,20178,3829880,United Kingdom
2011-11-20,17822,3847702,United Kingdom
2011-11-21,21875,3869577,United Kingdom
2011-11-22,31938,3901515,United Kingdom
2011-11-23,27569,3929084,United Kingdom
2011-11-24,19860,3948944,United Kingdom
2011-11-25,29470,3978414,United Kingdom
2011-11-27,10936,3989350,United Kingdom
2011-11-28,26796,4016146,United Kingdom
2011-11-29,26807,4042953,United Kingdom
2011-11-30,20969,4063922,United Kingdom
2011-12-01,25308,4089230,United Kingdom
2011-12-02,24457,4113687,United Kingdom
2011-12-04,10816,4124503,United Kingdom
2011-12-05,42414,4166917,United Kingdom
2011-12-06,27191,4194108,United Kingdom
2011-12-07,27611,4221719,United Kingdom
2011-12-08,32576,4254295,United Kingdom
2011-12-09,9534,4263829,United Kingdom
2011-04-11,282,282,Unspecified
2011-05-10,654,936,Unspecified
2011-05-19,149,1085,Unspecified
2011-06-20,78,1163,Unspecified
2011-07-08,463,1626,Unspecified
2011-07-14,271,1897,Unspecified
2011-07-28,319,2216,Unspecified
2011-08-22,185,2401,Unspecified
2011-09-02,258,2659,Unspecified
2011-11-16,188,2847,Unspecified
2011-11-24,453,3300,Unspecified
